feature_1,feature_2
4.627632063381187,1.0759153124549004
1.9415381100056717,5.457557049825434
0.8700262760603708,4.9466631513730395
1.3986114961590288,0.9487820426064422
-8.002102343766783,-7.0910176837007315
3.909512204510965,2.189628273522707
-6.178957954155385,-6.727457087295218
2.282552014381212,6.371221681840714
-2.2723014014010894,9.223130345942232
-2.5708789905840335,9.287207708051637
5.387172441351363,2.583539949374197
4.685450676131915,1.3215693363349148
3.0454511774337343,1.3737946609869591
1.5252994950113015,4.7310901919008685
-8.880313945232365,9.448483678261315
-9.144300417541036,9.128314501797929
4.167946970438668,3.062120280908098
-12.019491526707625,8.633331137805657
-7.270012732624366,-7.172384823534764
3.191794494730777,0.5657059095641768
2.569407093609061,4.3293997667616315
-9.683540185287322,5.6333693598624315
-5.902457863808495,-7.708170468204881
-9.946207651969095,5.701501388759103
-2.219888803014643,8.498190324514223
-7.8505230558817125,7.4115044761247875
-3.571746462171495,9.17177511689362
-7.985175794791821,7.8566388892819505
-6.820027807893735,-6.429277319252873
4.5253389909754835,3.2109859959141938
-1.8591769651373917,10.09927815105498
-3.7497283679056563,9.069136508043144
-1.3869621743038707,7.892805277964497
1.6152245475400067,1.979960161954848
2.7788794289540273,3.574089974548757
-2.566805720317017,9.81711244651194
-8.217136932073062,6.452630339714545
4.664389010487044,2.471167975186182
-9.126718234425772,6.873737946439186
-1.9184243590564218,9.151380753150297
-8.531092075459359,8.50275209623332
5.154926522534149,5.825901174595453
-3.0507352232975173,9.503627159271016
-6.619580442701596,8.675400950956012
-3.235616883469719,7.8844431671300885
-6.53369301331781,-6.693359500549825
-2.429476530982637,8.611505604905362
-12.074591728165895,7.2583690756773285
-7.277201446518778,-6.537750392120051
-6.677065593906149,-7.127235772949427
-6.356952369092255,-7.075723712576651
-1.3268823872595372,8.599669953579404
1.152021706047884,4.118511335393127
4.324609591587755,2.7321389044339996
1.4483342490379911,3.683554296419273
1.4614737610818878,3.6615221486766796
1.7998405905956385,3.54766573272289
-8.05308896901114,7.256821310406157
-9.271487155618907,8.714718679535801
-7.718767735442754,-6.542328051261604
-7.146203147196937,-6.653729297449035
-2.5199954028430973,8.168117385033602
1.4707904134282281,3.8125201519785232
-7.8000956935926435,-6.113503500136841
-1.7384967196572927,9.34451086974752
1.1031906994465337,4.798972358490327
2.607481295026971,4.072193278519464
-6.5111271711252146,-6.425604967247564
2.2049309536303454,2.7972818524234
2.137594208283886,3.548505064193516
5.797989709728169,2.7648323779036676
5.593880599721304,2.62456093524653
2.2626454741465087,4.962119271982003
2.614736249570494,2.1596239987101598
1.8718939625790068,4.2934938737109
4.884845407336824,1.4662265085696022
5.5903026744141515,1.3962660282783288
-1.016578014136945,9.393352464927752
-9.710892367625853,7.026500552836898
-6.158898837852903,-7.124954817088877
-5.9782129598936535,-6.835652725024081
-2.3272296753694466,10.060000331624265
3.9780923714597134,2.825603018736956
-8.468965633965539,5.271320844310752
-7.766778938619175,-6.193857167351789
-9.465595381258858,8.58233398650297
3.81765844066167,2.2168568954326444
4.981634812005261,3.8493405231566182
-1.8763720654183125,8.28677616436253
5.052810290503726,1.4094451311367573
2.7295203776499246,4.5443633615273775
-6.378211923912185,-7.557933706070518
3.6583701851801504,2.435273158204003
-7.7887418284704015,-6.059985032809232
-2.220081138646019,10.244715381371098
5.321831807523065,1.662902927347276
-2.866409584706367,9.699405163657099
-7.211816774359579,-7.598836328829256
4.838938531801571,1.3729528067819374
2.141972941596364,3.531342822475653
1.6205099817687003,4.336132549529386
2.019057949682664,3.1189233356476205
-2.7055081158550465,8.41129719671233
6.772912210884368,0.021081884418230112
-2.5378584543407112,10.266001052849527
-6.91927507033966,-7.6067193131334205
-6.683470766892772,-7.011569910561265
-5.965752744789476,-6.556763567065151
-5.0322987060781275,-6.208364646415201
-6.705762277013422,-5.6348691140886835
3.684273531307075,3.1983752662273717
-2.2229677347741235,9.462913749292909
4.488093741192518,2.5614868904253085
3.3007540580550447,3.64777989154638
-7.589582298750735,-8.103648899932008
3.3245803307825352,4.338350854781326
-8.614207639263517,6.417063396674716
-8.816207036957538,7.740620961932708
-5.948936005837757,-6.810704812700232
1.644132099477904,3.907845407946452
-8.885793941263996,8.141323752345853
3.431271861175082,4.1022763209552195
1.8630477301195312,3.4429840358363006
1.4486518202883096,5.231566433917705
1.621347965603481,5.46949758532684
-7.458581267499333,-6.468478717276883
-3.186632597507474,7.80240834844963
6.225895652373453,0.735354185113883
-7.333437638321852,-7.733461819034551
2.418313239912175,3.709602754003559
4.8639713180385185,1.9857620847225268
-10.009375660208809,8.58789307142811
1.9812728201442276,4.380457060311332
-8.348424449778644,5.280422590413295
3.800156994047325,1.3737770384967098
-8.571767230675555,6.749024569502531
-6.917234649515173,-6.307024200975204
4.753396181479349,2.6353003584617785
1.413547163010833,5.782297945540643
2.2467455502038556,5.581159507708036
-6.770507438116173,-6.731177241495745
-6.836687448819634,-7.166704061335016
-9.868357092853467,8.163894770789494
-7.662308891454182,-6.478306063977923
-6.323920662632285,-5.734459608993868
-10.304881127306345,8.179121031705568
1.9777828961769859,4.768789098870852
-6.579076878576641,-7.466642740155077
-10.135595605125925,8.587306339498188
2.194289396082089,4.203244449261443
-5.766226310713456,7.208251035829123
3.880746174674403,2.1235634704169395
-2.431535583574318,9.789202120624633
-1.5949393714407338,9.61583255434774
-2.091644370559232,9.251873866784871
-5.903425381095818,7.478588333868976
1.522620660840297,5.85449291841744
2.908190393493101,3.968861596117951
-6.807449812124131,-6.571446292840697
-3.2162835720136567,9.137266212954744
1.5082391440596585,4.676776059141452
-2.3706528823718047,9.322540031981392
-6.717353095683367,-6.910252458945429
-9.241269395784164,9.326348745845975
-9.588110049870824,7.354832175751704
-7.395875210321641,-7.110842919813842
-8.166579219118763,8.620459786164249
5.452740955067061,2.602798525864344
3.8216581529946287,4.065556959626193
-11.047376834233985,5.788030555415862
4.154515288398998,2.0550438233270545
4.996894322193149,1.2802600886800777
-7.729495333587729,7.1016403517671165
2.614990080269723,5.970635640810624
-5.867342210107731,-6.351125739106276
3.1081583047216967,3.4262094520323965
-2.8925370133289823,8.865758946867269
-4.044214595291983,8.993075027838948
-6.381425701224723,-7.393759888821267
1.5567406297738406,5.429864252087931
-1.5823211598468268,8.357740273516953
-4.604993706324546,9.671808131698501
-7.3375826850767805,-7.963038853674658
4.920870703963134,1.3504701641201382
-7.972321279784128,5.968660790038028
-3.7951842107017324,9.161993215024165
-6.492401621400181,-6.0589306587565375
-2.3031573104745386,8.954729395585387
-2.4357890018243484,7.424230996517608
1.9483641743108637,5.167017804350223
4.0913085461215015,3.8348968515252158
3.120508870274088,1.4889356110744807
3.3753587064546116,4.951077617439013
-3.641494216693082,8.677769869986035
-8.63328923088248,7.102742911875488
-8.12660624707395,6.952067188321915
-6.8397584232809185,8.54076699352046
3.1524807478803445,3.3563049839233554
-8.72298282430683,6.7687925690526525
6.762035033240735,3.005634944491879
1.823432478417478,4.185648811015986
-2.5051068577387814,8.826616421498205
-3.4987581917552157,7.9579208377309
-8.512433152001563,5.791424624514332
2.0963558252120573,5.120383893479725
-3.070840098154632,8.752156410920106
-2.3421067470489456,7.446550029094501
-9.467752076171738,7.910772388972205
1.9910838362160725,4.372244815203778
1.745299823406475,4.3586868508184535
-7.172190925594766,-7.139644505967719
2.636002575527856,5.823488149083339
-8.092155801975375,5.439253251630156
5.465295185216132,2.7866793199413706
5.9453576433824304,1.9941735255734911
1.011850415458107,4.505620327486555
-7.715513684859057,8.849389029491693
-5.750295992736178,7.394585036316089
-5.700792111401436,-6.858951462092909
-2.783369236274166,8.372464312821027
-2.308803342776049,9.291444695795903
-6.57989836086597,8.938026970884676
-2.4987961095504247,10.177113389924175
0.5967876937270247,4.845824746450776
-2.944703802672896,9.103024199966214
4.620862628325413,0.9706403193029232
5.819318956949388,1.5039940318360272
-2.2747396444138053,8.442804993777226
-9.133219433539143,6.996254631801499
4.7041588553235645,0.8954249060114259
3.572258406845507,1.8307901989194386
-3.611333117418423,8.264026096266223
-2.989708574987794,8.7809311283637
1.5192705723197462,4.500942243478978
-7.856152653881168,-6.851258625279117
4.950786401826106,3.448525900890284
-8.927647871556065,8.068329432559517
-7.197781762174735,-7.355833292633353
-2.6382261923855577,9.337526813649951
-6.656939667128484,-7.242500705305439
-10.025853540946308,7.172578611379126
-10.456150263162867,8.21543982832596
-3.301626683157301,8.561247944516104
-8.102501912257983,-7.484961379826389
4.618977242263953,2.090497067249514
2.172107222255926,4.604657693528243
-7.022996019271116,-7.424647790500905
-9.693742695848607,7.451239188728979
-3.13580025692174,8.75663691523378
4.050514079283889,2.8227717809617565
1.9924859592777582,5.776553633086918
-8.362613891227644,-7.358246746558232
4.189813364748858,2.5960196162882307
-2.663086394877648,9.255524002065211
-7.2256899894922695,-6.4268748577804935
-3.36591162150164,9.40026406039287
1.6207351449708738,2.4608648980699313
2.988568809737971,3.2375877864509546
-3.692015215346692,8.438410761482555
1.1185735447873144,3.4704337473271933
6.081152125294217,0.5373075327612926
5.210769346921269,3.108735324121331
-1.6427566285125286,9.857327769826243
0.780912929651101,3.5036145199731816
-3.2889429592346073,9.643953811192283
-9.160994185301806,5.995691825008699
-6.8276733186675305,-6.973515934511195
4.962597396566191,1.145938740388409
-2.687967851313431,9.585486523471996
4.168840530609779,2.2052196212983683
-9.115449192886423,8.158970553274806
-3.053217400315543,9.200089085927125
-3.359040594033634,9.393160072706467
3.7414641648797433,2.4650888554472377
3.415054916061231,5.777741461706879
-2.1306075233939143,8.956022998072823
-2.3012913876540115,9.63974442562017
-2.461013455099929,10.98487981818655
4.4317565858708265,1.4801687492818991
0.6493275810319106,3.538734293027789
-9.526722164892293,6.667292186010233
-3.462240420814869,9.539529015105385
-7.0446582094422565,-8.261262292117298
4.70968092121812,1.5878560870789717
-2.244186877929899,9.794722229896209
-9.977606423234342,10.482381393303573
6.783822925553427,2.607088706258743
-8.120092451175196,-6.93358161698362
2.209844762016973,2.323890174339047
3.319645629207459,3.8046284497950857
-7.155243730875417,-7.390016214954821
-10.135603749755887,8.06264564383182
-2.720923089643115,11.190421461470017
-3.319462519320289,9.265683994274541
4.73687480122082,2.5683267093776454
-11.336643046096476,9.359270557446749
4.387310684834941,0.7253865019758825
-8.804345705279458,7.359230282893598
-5.8926465630505,-7.029531217009773
-8.771457861889576,8.636552737663841
5.186976217398139,1.7709770315068378
-6.257103224596531,-7.186119432588795
4.531118687771244,2.3748814060396732
6.793061293739658,1.2058221210526825
-7.471062818952596,-6.57768168396524
-3.1559925053673004,8.612880493330692
5.5121994729487795,2.1565116896790837
-8.877631680895208,6.6714131901381855
-8.261116678551954,7.592183744633661
-6.649187921787686,-6.899726442132402
5.08369826437433,2.7478037373700688
-6.63156624921705,-5.754032105741107
-9.24955286953243,6.877793876303754
-7.901656654764363,-6.913438212613918
-6.88441077594124,-5.9921431099419316
4.7375549347769335,1.2001599000852656
2.6032359978911437,6.108380806895823
2.535090787073159,4.564389259936492
-6.172048880712974,-6.8395985044298815
5.330022827939214,1.5719492120548957
5.2639986532802565,2.601515193205012
2.0481705755055115,5.312058232267478
-7.501974883747144,-6.994312800126112
4.645122535946284,2.020150277705474
2.9823074554944142,5.213817587322015
0.7190877244895559,2.1825261949628354
-10.706282764864694,8.05073485711347
-6.738258456286131,-6.417590476943767
2.3307530466041095,4.572529453159315
1.2731802190703698,4.585725556668672
-8.625086555516106,5.7211096850465815
-9.529093148121339,7.469934693073137
2.075967567792332,3.579208455985892
5.326139026602615,0.36045381275108035
2.5478356016575434,3.838088674212555
4.964045188716543,1.8430266295730475
0.7984297079822482,4.833079765345407
-2.8228841455584766,7.843474169692627
4.164933525067145,1.31984045136702
2.0075196283986987,5.231005502024185
3.81438163943559,1.6517838422877387
-6.680238783963515,-7.329201515209879
4.621365700235711,1.6845110450205936
6.95453740290161,0.10590449134898394
6.405333076509198,2.3781513949016877
-6.381983842441176,-8.206790778680677
-3.244737010439793,10.254233652212353
-9.027937234930798,6.811265631561799
-2.884777131800712,9.448334163067093
3.9214346149756656,1.7597225322288848
-7.270728855832566,-6.851670390486098
-6.642955905724292,-7.132700281768105
5.803042588383061,1.983402744960319
-7.881270359824093,-6.554093477847986
1.5564500657316214,4.362860712395918
4.296539418150435,3.68366966029262
-6.275851505622605,-7.226244714989836
2.760734197941803,4.617998183917477
-1.8515494950571583,10.53172051432148
-6.533383914842946,-7.001936824901742
5.144866115208559,2.8389248781108534
2.926744307137224,3.327042058106145
-3.4299924849905925,9.314844542874859
-6.676529346654622,-7.1292823416164275
-8.502365405052226,5.972936058740651
0.895914753092776,5.460839699586843
5.614998569645852,1.8261123024385935
-6.723793690118381,-7.422699568338592
-6.947024020965768,-7.012691352995881
4.715683394421828,1.2960079724286202
3.4177506783968448,3.262932919255997
-3.3942656022575726,8.057320828933785
-8.44696812994547,5.822186623836339
5.539478711661352,2.2804692048173414
-8.600626043714584,7.150290421189972
-7.459199765093199,6.4797112053476384
6.272290140159736,0.5430283059800993
1.1208422259587518,3.9084612923235493
-7.197927879717587,-7.225600537662754
2.553889582487254,5.159284778445526
2.6507012171164064,4.515588402800484
-9.590688225981332,9.498461185095017
-10.386280836325275,5.769428389022364
2.8279741328891346,4.733106177434681
-2.9330057860663814,9.424900074689006
-8.821612606340475,7.2945728109667
2.2795790865165904,4.462462666909231
-8.246346275578944,7.545326263932552
-2.87993177730272,8.641702325342116
-10.527341790297395,6.390142890389653
1.9861580792842666,2.873753964014665
-6.357863639087874,-6.066726877992976
2.6007507187449654,5.357688833040097
-7.267570921696786,-7.529038395444584
-2.097169409285822,9.425314888928089
-2.455175059302411,7.874487579227556
-6.868576163637539,-5.874247205910777
-8.701254578241564,7.503885029252956
-6.943845407124005,-7.501254986727571
-9.359723229554788,6.952516367336336
-2.234302991397981,7.603854003908134
-1.7768759288910907,9.277287015926069
-2.6017162489633425,8.77340317172689
-6.95637774603973,-7.4534338576362025
2.3541062128497865,3.807446624826284
-6.5617446844021,-6.015168420881206
5.906789985414724,1.2655002183219513
-7.404998143182125,-7.709789431854548
6.829681769445774,1.1648713985855805
-9.572149120226348,5.6355295992808365
3.26624332679795,4.745290454751587
-7.041552152327293,-7.467367822745331
-6.496471715884846,-7.877021630637323
-10.171018771195005,9.42624744760705
-1.8583838491570144,8.029594675051158
-7.2994624959468215,-6.7517216468354135
-8.883489399545828,8.647485173918529
3.847358097795401,1.858433242473833
-7.235063545694592,-7.398504055083836
3.8670536216905296,1.7363510772007231
-2.46263064829595,8.099909889933823
5.159225350469273,3.5059085969433097
-1.000248902084326,9.153948378463793
4.422197633000881,3.071946535927922
-2.8777086398205802,9.859983909173454
-7.98902543408944,6.648562784425582
-7.603340991845238,7.890639894394354
-6.6596682434931616,-7.44403746507236
-3.8891318890631768,8.564456104805544
-6.592239295703435,-6.679912330103778
2.950960320385947,2.824447220187634
-1.6843980050559892,9.75931022349128
3.6338614547283994,0.7589810711529998
-7.0412712918180045,-6.449584239798369
-10.37484297963155,9.429275933879941
-8.707054003110139,8.194442864177134
-7.343025525638856,4.835454636608924
-8.922526610386386,5.3303697952795135
-9.49223066080675,7.802486252721188
-5.643178436222078,-5.826905087810024
1.5818047365977757,5.101196345283074
-2.337922627748587,8.01769510522873
-2.439559968462213,8.775080247825628
1.8051877827934788,4.478301412783776
-6.452658264297936,-7.554894848378668
0.8122947749333262,3.3346648040851306
4.199834349531118,2.1039102612268232
-2.039711948012534,10.766650628846305
-9.486039373007245,6.389557245015928
-10.869285312293794,9.158983298851439
-8.585106795992868,7.207467181254232
-2.68493513332276,9.299976185407719
5.917543732016526,1.3815982951049022
-6.244572499041517,-7.935353285129815
1.8541157551189524,3.7656936034741513
1.9365342557159189,4.412570929114215
-3.2208091667531686,8.36163790022597
-7.343900710613414,-7.626902415262797
-9.786897103170384,7.889284944061898
-6.499958071487499,-5.51769387859331
6.091022444023143,2.932440510025939
-6.926503804668734,6.710064103781281
3.439582429172325,1.6386684480997835
-7.187947341553286,-7.515637706409318
-8.322785893676908,7.572748140094436
5.497538459430121,1.813231153977305
-9.274662411292637,7.255188167033422
-7.843494983305813,-6.758031411755613
-2.536967038816945,8.079343698102695
3.8108838253060293,1.4129886437437624
3.378994881893056,2.891031630995508
-6.833206206562699,-7.396880114072905
-10.972792055321145,9.118776089285722
-3.180571641630861,8.76691622751735
-7.712387189464813,6.704269241637855
2.199169287595499,4.79955493775057
-2.008663744840745,8.328560083065295
-2.9905629128362676,10.496108675805472
2.2417208772582544,3.6537807882578535
3.640218109028746,4.7382101310612175
-1.8511616933701989,8.037611208221504
-8.603313450518792,6.149475582360665
2.5159831119182945,1.447414662259971
-6.425434021164059,-7.433408787782522
3.7129483646500185,1.913644327878932
-2.315627805799923,7.483661932472083
3.2817201277915773,4.993621870542401
3.443915166021817,3.6908775314829674
-2.249930447536914,8.706220303865269
-10.052853006948212,5.33769490925978
-7.837621171177325,7.8745390105728275
-8.382090335428854,8.05622580983929
-7.029005680238714,-6.297167022703333
-2.287844983588735,9.67603272742714
3.097842200896534,2.7905833416155117
-1.3366786079155069,8.833665087809093
-8.079438469769386,8.49058825505078
-6.850514214384374,-7.378679663122569
3.9245751269681333,2.652767432875408
-9.149837378272336,5.519751371756976
-1.50551857383165,5.408571676918994
2.7839273017368615,1.1839018103644392
-4.127776314690761,-4.128065755965569
-5.302996653981607,4.394113749299223
1.213380140918506,2.4968709335525467
-5.752986068450371,5.638918225943932
3.98931168960506,-3.451930671860686
-3.8181003935147926,-3.799145881758794
-2.3490930844855473,0.29707717958685365
-0.8166597762946104,-2.505250317623497
1.3422347366685532,-4.326073672175498
-2.494264217577382,-1.6036578804756996
-0.5271601893955689,3.4221115367161623
-3.603914614099683,0.17081326096333882
1.1089748263445092,-5.442595047360028
1.2905382228172604,-3.9537105157525017
-5.219380884176646,5.386626447039999
5.587584396894712,3.700768177397533
-2.3446347699195518,-4.827934631923394
2.210796318145883,-0.7181700751247844
-4.535541181862654,-0.057877078664757775
-5.587337746617379,4.911844824945385
-2.894640220799797,1.9502674122477837
-2.2594670869270685,0.24081625413372976
0.5605233521193558,-3.7817465336936755
5.635015533174702,3.3015938803333746
5.273987298770269,4.7379282051317855
1.1747997457330221,5.062490820277402
-4.9380899753769665,-3.6482056509702576
-5.457272533073543,-2.096036030840828
